集計年,都道府県コード,都道府県名,総人口（人）,年少人口（人）,生産年齢人口（人）,老年人口（人）,年少人口割合,生産年齢人口割合,老年人口割合
1960,01,北海道,5039206,1681479,3145664,212063,0.33,0.62,0.04
1960,02,青森県,1426606,513397,848838,64371,0.36,0.6,0.05
1960,03,岩手県,1448517,501782,870492,76243,0.35,0.6,0.05
1960,04,宮城県,1743195,584497,1063732,94966,0.34,0.61,0.05
1960,05,秋田県,1335580,457929,816077,61574,0.34,0.61,0.05
1960,06,山形県,1320664,422576,821599,76489,0.32,0.62,0.06
1960,07,福島県,2051137,720721,1208990,121426,0.35,0.59,0.06
1960,08,茨城県,2047024,672204,1240591,134229,0.33,0.61,0.07
1960,09,栃木県,1513624,510097,909207,94320,0.34,0.6,0.06
1960,10,群馬県,1578476,500151,981555,96770,0.32,0.62,0.06
1960,11,埼玉県,2430871,752024,1545841,133006,0.31,0.64,0.05
1960,12,千葉県,2306010,700195,1458717,147098,0.3,0.63,0.06
1960,13,東京都,9683802,2249052,7067087,367663,0.23,0.73,0.04
1960,14,神奈川県,3443176,940719,2351581,150876,0.27,0.68,0.04
1960,15,新潟県,2442037,798808,1490414,152815,0.33,0.61,0.06
1960,16,富山県,1032614,307923,662018,62673,0.3,0.64,0.06
1960,17,石川県,973418,294067,613802,65549,0.3,0.63,0.07
1960,18,福井県,752696,230950,467299,54447,0.31,0.62,0.07
1960,19,山梨県,782062,246727,481033,54302,0.32,0.62,0.07
1960,20,長野県,1981433,571749,1267103,142581,0.29,0.64,0.07
1960,21,岐阜県,1638399,488014,1041553,108832,0.3,0.64,0.07
1960,22,静岡県,2756271,851953,1741510,162808,0.31,0.63,0.06
1960,23,愛知県,4206313,1146564,2840677,219072,0.27,0.68,0.05
1960,24,三重県,1485054,427532,950531,106991,0.29,0.64,0.07
1960,25,滋賀県,842695,242327,536713,63655,0.29,0.64,0.08
1960,26,京都府,1993403,510521,1356441,126441,0.26,0.68,0.06
1960,27,大阪府,5504746,1408751,3861837,234158,0.26,0.7,0.04
1960,28,兵庫県,3906487,1089072,2594822,222593,0.28,0.66,0.06
1960,29,奈良県,781058,213183,515426,52449,0.27,0.66,0.07
1960,30,和歌山県,1002191,284394,645003,72794,0.28,0.64,0.07
1960,31,鳥取県,599135,186407,366761,45967,0.31,0.61,0.08
1960,32,島根県,888886,282596,531573,74717,0.32,0.6,0.08
1960,33,岡山県,1670454,480141,1064304,126009,0.29,0.64,0.08
1960,34,広島県,2184043,630494,1398637,154912,0.29,0.64,0.07
1960,35,山口県,1602207,490455,1002957,108795,0.31,0.63,0.07
1960,36,徳島県,847274,275274,508733,63267,0.32,0.6,0.07
1960,37,香川県,918867,277844,572304,68719,0.3,0.62,0.07
1960,38,愛媛県,1500687,491067,901968,107652,0.33,0.6,0.07
1960,39,高知県,854595,253081,528882,72632,0.3,0.62,0.08
1960,40,福岡県,4006679,1257355,2541467,207857,0.31,0.63,0.05
1960,41,佐賀県,942874,324790,558230,59854,0.34,0.59,0.06
1960,42,長崎県,1760421,638850,1019529,102042,0.36,0.58,0.06
1960,43,熊本県,1856192,629548,1099534,127110,0.34,0.59,0.07
1960,44,大分県,1239655,405103,746271,88281,0.33,0.6,0.07
1960,45,宮崎県,1134590,405950,661023,67617,0.36,0.58,0.06
1960,46,鹿児島県,1963104,718263,1103720,141121,0.37,0.56,0.07
1960,47,沖縄県,883122,367553,467269,48171,0.42,0.53,0.05
1965,01,北海道,5171800,1462123,3460359,249318,0.28,0.67,0.05
1965,02,青森県,1416591,447068,894521,75002,0.32,0.63,0.05
1965,03,岩手県,1411118,429521,895550,86047,0.3,0.63,0.06
1965,04,宮城県,1753126,503630,1141867,107629,0.29,0.65,0.06
1965,05,秋田県,1279835,373157,832800,73878,0.29,0.65,0.06
1965,06,山形県,1263103,348572,827075,87456,0.28,0.65,0.07
1965,07,福島県,1983754,608959,1239658,135137,0.31,0.62,0.07
1965,08,茨城県,2056154,580171,1327621,148362,0.28,0.65,0.07
1965,09,栃木県,1521656,429447,986774,105435,0.28,0.65,0.07
1965,10,群馬県,1605584,423874,1071433,110277,0.26,0.67,0.07
1965,11,埼玉県,3014983,790961,2066337,157685,0.26,0.69,0.05
1965,12,千葉県,2701770,701340,1828708,171722,0.26,0.68,0.06
1965,13,東京都,10869244,2216945,8183336,468963,0.2,0.75,0.04
1965,14,神奈川県,4430743,1035303,3201686,193754,0.23,0.72,0.04
1965,15,新潟県,2398931,662459,1571831,164641,0.28,0.66,0.07
1965,16,富山県,1025465,246284,709713,69468,0.24,0.69,0.07
1965,17,石川県,980499,244016,666139,70344,0.25,0.68,0.07
1965,18,福井県,750557,196959,494820,58778,0.26,0.66,0.08
1965,19,山梨県,763194,209781,493846,59567,0.27,0.65,0.08
1965,20,長野県,1958007,484702,1315337,157968,0.25,0.67,0.08
1965,21,岐阜県,1700365,436436,1144142,119787,0.26,0.67,0.07
1965,22,静岡県,2912521,776319,1950298,185904,0.27,0.67,0.06
1965,23,愛知県,4798653,1149974,3394933,253746,0.24,0.71,0.05
1965,24,三重県,1514467,375217,1019994,119256,0.25,0.67,0.08
1965,25,滋賀県,853385,211318,572816,69251,0.25,0.67,0.08
1965,26,京都府,2102808,451185,1503715,147908,0.21,0.72,0.07
1965,27,大阪府,6657189,1526823,4826846,303520,0.23,0.73,0.05
1965,28,兵庫県,4309944,1037393,3006974,265577,0.24,0.7,0.06
1965,29,奈良県,825965,196950,568411,60604,0.24,0.69,0.07
1965,30,和歌山県,1026975,252165,692317,82493,0.25,0.67,0.08
1965,31,鳥取県,579853,154589,374525,50739,0.27,0.65,0.09
1965,32,島根県,821620,218403,523286,79931,0.27,0.64,0.1
1965,33,岡山県,1645135,396579,1105115,143441,0.24,0.67,0.09
1965,34,広島県,2281146,552521,1552711,175914,0.24,0.68,0.08
1965,35,山口県,1543573,393960,1027984,121629,0.26,0.67,0.08
1965,36,徳島県,815115,219279,527617,68219,0.27,0.65,0.08
1965,37,香川県,900845,219450,604865,76530,0.24,0.67,0.08
1965,38,愛媛県,1446384,394189,933371,118824,0.27,0.65,0.08
1965,39,高知県,812714,200055,530837,81822,0.25,0.65,0.1
1965,40,福岡県,3964611,1040391,2678982,245238,0.26,0.68,0.06
1965,41,佐賀県,871885,260148,543568,68169,0.3,0.62,0.08
1965,42,長崎県,1641245,527123,999303,114819,0.32,0.61,0.07
1965,43,熊本県,1770736,521466,1105606,143664,0.29,0.62,0.08
1965,44,大分県,1187480,329717,759450,98313,0.28,0.64,0.08
1965,45,宮崎県,1080692,335056,668656,76980,0.31,0.62,0.07
1965,46,鹿児島県,1853541,594204,1102221,157116,0.32,0.59,0.08
1965,47,沖縄県,934176,363048,516288,54789,0.39,0.55,0.06
1970,01,北海道,5184287,1309487,3575731,299069,0.25,0.69,0.06
1970,02,青森県,1427520,396883,940235,90402,0.28,0.66,0.06
1970,03,岩手県,1371383,362118,908795,100470,0.26,0.66,0.07
1970,04,宮城県,1819223,448834,1244711,125678,0.25,0.68,0.07
1970,05,秋田県,1241376,303286,847538,90552,0.24,0.68,0.07
1970,06,山形県,1225618,287877,833203,104538,0.23,0.68,0.09
1970,07,福島県,1946077,508172,1283176,154729,0.26,0.66,0.08
1970,08,茨城県,2143551,534225,1440059,169267,0.25,0.67,0.08
1970,09,栃木県,1580021,389016,1069584,121421,0.25,0.68,0.08
1970,10,群馬県,1658909,397032,1131078,130799,0.24,0.68,0.08
1970,11,埼玉県,3866472,1002863,2665020,198589,0.26,0.69,0.05
1970,12,千葉県,3366624,845616,2310068,210940,0.25,0.69,0.06
1970,13,東京都,11408071,2400630,8416630,590811,0.21,0.74,0.05
1970,14,神奈川県,5472247,1301772,3914556,255919,0.24,0.72,0.05
1970,15,新潟県,2360982,573414,1597283,190285,0.24,0.68,0.08
1970,16,富山県,1029695,229658,716831,83206,0.22,0.7,0.08
1970,17,石川県,1002420,235380,685300,81740,0.23,0.68,0.08
1970,18,福井県,744230,178056,499142,67032,0.24,0.67,0.09
1970,19,山梨県,762029,188449,505237,68343,0.25,0.66,0.09
1970,20,長野県,1956917,449533,1323665,183719,0.23,0.68,0.09
1970,21,岐阜県,1758954,426860,1193795,138299,0.24,0.68,0.08
1970,22,静岡県,3089895,765233,2106471,218191,0.25,0.68,0.07
1970,23,愛知県,5386163,1309642,3768879,307642,0.24,0.7,0.06
1970,24,三重県,1543083,360446,1044451,138186,0.23,0.68,0.09
1970,25,滋賀県,889768,205440,605063,79265,0.23,0.68,0.09
1970,26,京都府,2250087,484024,1588076,177987,0.22,0.71,0.08
1970,27,大阪府,7620480,1820583,5406092,393805,0.24,0.71,0.05
1970,28,兵庫県,4667928,1096958,3246965,324005,0.23,0.7,0.07
1970,29,奈良県,930160,212847,643163,74150,0.23,0.69,0.08
1970,30,和歌山県,1042736,243485,702967,96284,0.23,0.67,0.09
1970,31,鳥取県,568777,131725,380499,56553,0.23,0.67,0.1
1970,32,島根県,773575,178457,508173,86945,0.23,0.66,0.11
1970,33,岡山県,1707026,384967,1155806,166253,0.23,0.68,0.1
1970,34,広島県,2436135,558818,1676536,200781,0.23,0.69,0.08
1970,35,山口県,1511448,348362,1025839,137247,0.23,0.68,0.09
1970,36,徳島県,791111,183878,531168,76065,0.23,0.67,0.1
1970,37,香川県,907897,201068,620169,86660,0.22,0.68,0.1
1970,38,愛媛県,1418124,342671,942241,133212,0.24,0.66,0.09
1970,39,高知県,786882,171991,524918,89973,0.22,0.67,0.11
1970,40,福岡県,4027416,943395,2791505,292516,0.23,0.69,0.07
1970,41,佐賀県,838468,214672,546071,77725,0.26,0.65,0.09
1970,42,長崎県,1570245,439298,1002416,128531,0.28,0.64,0.08
1970,43,熊本県,1700229,429523,1110662,160044,0.25,0.65,0.09
1970,44,大分県,1155566,279605,766049,109912,0.24,0.66,0.1
1970,45,宮崎県,1051105,278242,684091,88772,0.26,0.65,0.08
1970,46,鹿児島県,1729150,468966,1085707,174477,0.27,0.63,0.1
1970,47,沖縄県,945111,329322,553486,62303,0.35,0.59,0.07
1975,01,北海道,5338206,1312611,3657884,366651,0.25,0.69,0.07
1975,02,青森県,1468646,380218,977541,110752,0.26,0.67,0.08
1975,03,岩手県,1385563,338374,928674,118397,0.24,0.67,0.09
1975,04,宮城県,1955267,460953,1343632,150010,0.24,0.69,0.08
1975,05,秋田県,1232481,273808,849459,109172,0.22,0.69,0.09
1975,06,山形県,1220302,265935,831116,123137,0.22,0.68,0.1
1975,07,福島県,1970616,473903,1316161,180356,0.24,0.67,0.09
1975,08,茨城県,2342198,580187,1565349,196380,0.25,0.67,0.08
1975,09,栃木県,1698003,414123,1143083,140651,0.24,0.67,0.08
1975,10,群馬県,1756480,427621,1174392,154371,0.24,0.67,0.09
1975,11,埼玉県,4821340,1340136,3223138,256014,0.28,0.67,0.05
1975,12,千葉県,4149147,1099590,2785401,261205,0.27,0.67,0.06
1975,13,東京都,11673554,2564449,8360219,731808,0.22,0.72,0.06
1975,14,神奈川県,6397748,1632021,4424772,337305,0.26,0.69,0.05
1975,15,新潟県,2391938,557279,1605664,228759,0.23,0.67,0.1
1975,16,富山県,1070791,246399,723024,101265,0.23,0.68,0.09
1975,17,石川県,1069872,258131,713690,97825,0.24,0.67,0.09
1975,18,福井県,773599,182670,512478,78349,0.24,0.66,0.1
1975,19,山梨県,783050,187047,515970,79870,0.24,0.66,0.1
1975,20,長野県,2017564,464427,1337660,215328,0.23,0.66,0.11
1975,21,岐阜県,1867978,462981,1244643,160152,0.25,0.67,0.09
1975,22,静岡県,3308799,825424,2222518,260626,0.25,0.67,0.08
1975,23,愛知県,5923569,1536956,4010257,375639,0.26,0.68,0.06
1975,24,三重県,1626002,385615,1080115,160166,0.24,0.66,0.1
1975,25,滋賀県,985621,238315,655159,91937,0.24,0.66,0.09
1975,26,京都府,2424856,559934,1646671,217137,0.23,0.68,0.09
1975,27,大阪府,8278925,2120992,5652511,500674,0.26,0.68,0.06
1975,28,兵庫県,4992140,1224538,3369577,395727,0.25,0.67,0.08
1975,29,奈良県,1077491,261132,723989,92033,0.24,0.67,0.09
1975,30,和歌山県,1072118,251618,708817,111518,0.23,0.66,0.1
1975,31,鳥取県,581311,128361,388155,64720,0.22,0.67,0.11
1975,32,島根県,768886,168072,504941,95831,0.22,0.66,0.12
1975,33,岡山県,1814305,416900,1203853,193289,0.23,0.66,0.11
1975,34,広島県,2646324,633219,1777306,235015,0.24,0.67,0.09
1975,35,山口県,1555218,355657,1041291,158042,0.23,0.67,0.1
1975,36,徳島県,805166,177555,541049,86505,0.22,0.67,0.11
1975,37,香川県,961292,213857,645957,101376,0.22,0.67,0.11
1975,38,愛媛県,1465215,343882,968827,152344,0.23,0.66,0.1
1975,39,高知県,808397,173005,536129,98752,0.21,0.66,0.12
1975,40,福岡県,4292963,1002084,2933745,354847,0.23,0.68,0.08
1975,41,佐賀県,837674,202122,545454,90026,0.24,0.65,0.11
1975,42,長崎県,1571912,403824,1019301,148708,0.26,0.65,0.09
1975,43,熊本県,1715273,397402,1134900,182859,0.23,0.66,0.11
1975,44,大分県,1190314,274612,789878,125669,0.23,0.66,0.11
1975,45,宮崎県,1085055,265987,716077,102923,0.25,0.66,0.09
1975,46,鹿児島県,1723902,410228,1114775,198770,0.24,0.65,0.12
1975,47,沖縄県,1042572,326538,642115,72539,0.31,0.62,0.07
1980,01,北海道,5575989,1298324,3823808,451727,0.23,0.69,0.08
1980,02,青森県,1523907,366454,1022786,134516,0.24,0.67,0.09
1980,03,岩手県,1421927,326014,952388,143400,0.23,0.67,0.1
1980,04,宮城県,2082320,480552,1419497,180689,0.23,0.68,0.09
1980,05,秋田県,1256745,263277,861312,132075,0.21,0.69,0.11
1980,06,山形県,1251917,262704,842612,146593,0.21,0.67,0.12
1980,07,福島県,2035272,466840,1355601,212704,0.23,0.67,0.1
1980,08,茨城県,2558007,628466,1692449,236485,0.25,0.66,0.09
1980,09,栃木県,1792201,433232,1191109,167438,0.24,0.66,0.09
1980,10,群馬県,1848562,441548,1222826,184115,0.24,0.66,0.1
1980,11,埼玉県,5420480,1458421,3624550,333874,0.27,0.67,0.06
1980,12,千葉県,4735424,1224914,3176100,330188,0.26,0.67,0.07
1980,13,東京都,11618281,2393687,8308563,894961,0.21,0.72,0.08
1980,14,神奈川県,6924348,1703063,4772542,443048,0.25,0.69,0.06
1980,15,新潟県,2451357,552118,1625404,273439,0.23,0.66,0.11
1980,16,富山県,1103459,249935,730099,123407,0.23,0.66,0.11
1980,17,石川県,1119304,265968,735098,117580,0.24,0.66,0.11
1980,18,福井県,794354,181496,521186,91595,0.23,0.66,0.12
1980,19,山梨県,804256,182166,528571,93338,0.23,0.66,0.12
1980,20,長野県,2083934,468613,1362192,253120,0.22,0.65,0.12
1980,21,岐阜県,1960107,470749,1299372,189895,0.24,0.66,0.1
1980,22,静岡県,3446804,832816,2301206,312527,0.24,0.67,0.09
1980,23,愛知県,6221638,1555359,4202305,462213,0.25,0.68,0.07
1980,24,三重県,1686936,385969,1113812,187019,0.23,0.66,0.11
1980,25,滋賀県,1079898,265737,705815,108245,0.25,0.65,0.1
1980,26,京都府,2527330,575948,1693183,257836,0.23,0.67,0.1
1980,27,大阪府,8473446,2067583,5783300,613361,0.24,0.68,0.07
1980,28,兵庫県,5144892,1227770,3435027,474708,0.24,0.67,0.09
1980,29,奈良県,1209365,291486,804308,112753,0.24,0.67,0.09
1980,30,和歌山県,1087012,243977,714680,127950,0.22,0.66,0.12
1980,31,鳥取県,604221,130631,398944,74474,0.22,0.66,0.12
1980,32,島根県,784795,167310,509938,107479,0.21,0.65,0.14
1980,33,岡山県,1871023,424254,1223235,223306,0.23,0.65,0.12
1980,34,広島県,2739161,647154,1811865,279132,0.24,0.66,0.1
1980,35,山口県,1587079,354404,1048137,184160,0.22,0.66,0.12
1980,36,徳島県,825261,175295,550779,98904,0.21,0.67,0.12
1980,37,香川県,999864,222244,658291,119031,0.22,0.66,0.12
1980,38,愛媛県,1506637,341262,990401,174729,0.23,0.66,0.12
1980,39,高知県,831275,173649,547780,109116,0.21,0.66,0.13
1980,40,福岡県,4553461,1049782,3073049,426495,0.23,0.67,0.09
1980,41,佐賀県,865574,200620,562529,102377,0.23,0.65,0.12
1980,42,長崎県,1590564,385200,1035278,169753,0.24,0.65,0.11
1980,43,熊本県,1790327,395027,1185078,210051,0.22,0.66,0.12
1980,44,大分県,1228913,276390,808130,144240,0.22,0.66,0.12
1980,45,宮崎県,1151587,273766,757074,120638,0.24,0.66,0.1
1980,46,鹿児島県,1784623,399511,1158216,226853,0.22,0.65,0.13
1980,47,沖縄県,1106559,325393,694174,85819,0.29,0.63,0.08
1985,01,北海道,5679439,1217959,3910729,549487,0.21,0.69,0.1
1985,02,青森県,1524448,338554,1027329,158547,0.22,0.67,0.1
1985,03,岩手県,1433611,307800,955425,170386,0.21,0.67,0.12
1985,04,宮城県,2176295,480899,1478820,215457,0.22,0.68,0.1
1985,05,秋田県,1254032,250402,845473,158086,0.2,0.67,0.13
1985,06,山形県,1261662,255853,836219,169525,0.2,0.66,0.13
1985,07,福島県,2080304,460767,1371556,247947,0.22,0.66,0.12
1985,08,茨城県,2725005,627512,1818697,278503,0.23,0.67,0.1
1985,09,栃木県,1866066,425807,1243861,196328,0.23,0.67,0.11
1985,10,群馬県,1921259,424829,1281535,214871,0.22,0.67,0.11
1985,11,埼玉県,5863678,1380180,4060573,420099,0.24,0.69,0.07
1985,12,千葉県,5148163,1191814,3547459,407095,0.23,0.69,0.08
1985,13,東京都,11829363,2125337,8638299,1055850,0.18,0.73,0.09
1985,14,神奈川県,7431974,1595127,5277568,555885,0.21,0.71,0.07
1985,15,新潟県,2478470,523485,1637657,317159,0.21,0.66,0.13
1985,16,富山県,1118369,233965,740728,143646,0.21,0.66,0.13
1985,17,石川県,1152325,254109,761172,136772,0.22,0.66,0.12
1985,18,福井県,817633,176135,536679,104794,0.22,0.66,0.13
1985,19,山梨県,832832,172875,552259,107690,0.21,0.66,0.13
1985,20,長野県,2136927,446549,1398750,291617,0.21,0.65,0.14
1985,21,岐阜県,2028536,448693,1359334,220397,0.22,0.67,0.11
1985,22,静岡県,3574692,795418,2411753,367136,0.22,0.67,0.1
1985,23,愛知県,6455172,1446729,4458167,547223,0.22,0.69,0.08
1985,24,三重県,1747311,371893,1164508,210815,0.21,0.67,0.12
1985,25,滋賀県,1155844,270330,760695,124657,0.23,0.66,0.11
1985,26,京都府,2586574,538628,1757517,289629,0.21,0.68,0.11
1985,27,大阪府,8668095,1850179,6093737,716579,0.21,0.7,0.08
1985,28,兵庫県,5278050,1149105,3581543,545382,0.22,0.68,0.1
1985,29,奈良県,1304866,288515,883787,132109,0.22,0.68,0.1
1985,30,和歌山県,1087206,225208,718380,143533,0.21,0.66,0.13
1985,31,鳥取県,616024,130668,400717,84609,0.21,0.65,0.14
1985,32,島根県,794629,162817,510054,121744,0.2,0.64,0.15
1985,33,岡山県,1916906,409216,1257858,249555,0.21,0.66,0.13
1985,34,広島県,2819200,615159,1879843,323455,0.22,0.67,0.11
1985,35,山口県,1601627,333923,1055436,212237,0.21,0.66,0.13
1985,36,徳島県,834889,170062,553858,110921,0.2,0.66,0.13
1985,37,香川県,1022569,214695,672022,135696,0.21,0.66,0.13
1985,38,愛媛県,1529983,325958,1005968,198044,0.21,0.66,0.13
1985,39,高知県,839784,168580,548167,121759,0.2,0.65,0.14
1985,40,福岡県,4719259,1028211,3190270,499228,0.22,0.68,0.11
1985,41,佐賀県,880013,196114,569523,114353,0.22,0.65,0.13
1985,42,長崎県,1593968,361823,1038396,193605,0.23,0.65,0.12
1985,43,熊本県,1837747,389073,1206658,241855,0.21,0.66,0.13
1985,44,大分県,1250214,266502,819891,163746,0.21,0.66,0.13
1985,45,宮崎県,1175543,270084,764617,140747,0.23,0.65,0.12
1985,46,鹿児島県,1819270,393154,1168410,257638,0.22,0.64,0.14
1985,47,沖縄県,1179097,322523,754119,101947,0.27,0.64,0.09
1990,01,北海道,5643647,1034251,3924717,674881,0.18,0.7,0.12
1990,02,青森県,1482873,289082,1000804,191776,0.19,0.67,0.13
1990,03,岩手県,1416928,269810,941052,205737,0.19,0.66,0.15
1990,04,宮城県,2248558,439313,1535449,266759,0.2,0.68,0.12
1990,05,秋田県,1227478,219637,815840,191573,0.18,0.66,0.16
1990,06,山形県,1258390,233824,819200,204577,0.19,0.65,0.16
1990,07,福島県,2104058,422064,1377857,301552,0.2,0.65,0.14
1990,08,茨城県,2845382,559033,1943837,338799,0.2,0.68,0.12
1990,09,栃木県,1935168,380087,1315228,238505,0.2,0.68,0.12
1990,10,群馬県,1966265,368080,1340557,256367,0.19,0.68,0.13
1990,11,埼玉県,6405319,1196946,4660202,530539,0.19,0.73,0.08
1990,12,千葉県,5555429,1034308,3994245,509837,0.19,0.72,0.09
1990,13,東京都,11855563,1727479,8790525,1244026,0.15,0.74,0.1
1990,14,神奈川県,7980391,1375769,5874445,704596,0.17,0.74,0.09
1990,15,新潟県,2474583,462559,1632329,377857,0.19,0.66,0.15
1990,16,富山県,1120161,195598,754081,168946,0.17,0.67,0.15
1990,17,石川県,1164628,215171,786378,160692,0.18,0.68,0.14
1990,18,福井県,823585,155998,545297,121940,0.19,0.66,0.15
1990,19,山梨県,852966,155849,569805,126583,0.18,0.67,0.15
1990,20,長野県,2156627,392889,1416125,347206,0.18,0.66,0.16
1990,21,岐阜県,2066569,387665,1415333,262594,0.19,0.68,0.13
1990,22,静岡県,3670840,694558,2530257,444899,0.19,0.69,0.12
1990,23,愛知県,6690603,1236783,4784821,656283,0.18,0.72,0.1
1990,24,三重県,1792514,330251,1218368,243358,0.18,0.68,0.14
1990,25,滋賀県,1222411,249258,824232,147144,0.2,0.67,0.12
1990,26,京都府,2602460,448900,1816015,327429,0.17,0.7,0.13
1990,27,大阪府,8734516,1503885,6347525,843024,0.17,0.73,0.1
1990,28,兵庫県,5405040,991045,3752880,642401,0.18,0.69,0.12
1990,29,奈良県,1375481,255863,958469,159254,0.19,0.7,0.12
1990,30,和歌山県,1074325,192839,716161,164552,0.18,0.67,0.15
1990,31,鳥取県,615722,118201,397218,99728,0.19,0.65,0.16
1990,32,島根県,781021,143884,494253,142061,0.18,0.63,0.18
1990,33,岡山県,1925877,353191,1286221,285764,0.18,0.67,0.15
1990,34,広島県,2849847,525256,1936818,381477,0.18,0.68,0.13
1990,35,山口県,1572616,278562,1042910,249488,0.18,0.66,0.16
1990,36,徳島県,831598,149770,551067,129105,0.18,0.66,0.16
1990,37,香川県,1023412,184729,680493,157237,0.18,0.66,0.15
1990,38,愛媛県,1515025,280919,1000404,232726,0.19,0.66,0.15
1990,39,高知県,825034,144276,535995,141508,0.17,0.65,0.17
1990,40,福岡県,4811050,910356,3287878,597869,0.19,0.68,0.12
1990,41,佐賀県,877851,177614,566934,132972,0.2,0.65,0.15
1990,42,長崎県,1562959,316761,1016338,228991,0.2,0.65,0.15
1990,43,熊本県,1840326,355634,1198319,284017,0.19,0.65,0.15
1990,44,大分県,1236942,231265,812665,191441,0.19,0.66,0.15
1990,45,宮崎県,1168907,239738,761368,166539,0.21,0.65,0.14
1990,46,鹿児島県,1797824,357453,1139774,298904,0.2,0.63,0.17
1990,47,沖縄県,1222398,299836,793287,121082,0.25,0.65,0.1
1995,01,北海道,5692321,898673,3942868,844927,0.16,0.69,0.15
1995,02,青森県,1481663,252414,991311,236745,0.17,0.67,0.16
1995,03,岩手県,1419505,239010,925175,255256,0.17,0.65,0.18
1995,04,宮城県,2328739,394331,1595534,337520,0.17,0.69,0.14
1995,05,秋田県,1213667,188844,786983,237682,0.16,0.65,0.2
1995,06,山形県,1256958,208596,799251,248817,0.17,0.64,0.2
1995,07,福島県,2133592,381511,1380208,371572,0.18,0.65,0.17
1995,08,茨城県,2955530,505363,2030045,418610,0.17,0.69,0.14
1995,09,栃木県,1984390,339253,1350635,292947,0.17,0.68,0.15
1995,10,群馬県,2003540,329960,1360039,313425,0.16,0.68,0.16
1995,11,埼玉県,6759311,1090395,4976945,681172,0.16,0.74,0.1
1995,12,千葉県,5797782,915719,4224738,651789,0.16,0.73,0.11
1995,13,東京都,11773605,1499126,8705099,1530695,0.13,0.74,0.13
1995,14,神奈川県,8245900,1231943,6098448,908467,0.15,0.74,0.11
1995,15,新潟県,2488364,406791,1625889,455064,0.16,0.65,0.18
1995,16,富山県,1123125,170045,751639,201320,0.15,0.67,0.18
1995,17,石川県,1180068,189741,799338,190905,0.16,0.68,0.16
1995,18,福井県,826996,140593,539592,146728,0.17,0.65,0.18
1995,19,山梨県,881996,146048,584721,151148,0.17,0.66,0.17
1995,20,長野県,2193984,355267,1421782,416608,0.16,0.65,0.19
1995,21,岐阜県,2100315,347733,1430294,322209,0.17,0.68,0.15
1995,22,静岡県,3737689,619445,2564385,553530,0.17,0.69,0.15
1995,23,愛知県,6868336,1120992,4919095,819026,0.16,0.72,0.12
1995,24,三重県,1841358,303645,1240428,297129,0.16,0.67,0.16
1995,25,滋賀県,1287005,231022,874455,181376,0.18,0.68,0.14
1995,26,京都府,2629592,390138,1842467,386976,0.15,0.7,0.15
1995,27,大阪府,8797268,1321475,6411945,1047875,0.15,0.73,0.12
1995,28,兵庫県,5401877,880094,3755500,763752,0.16,0.7,0.14
1995,29,奈良県,1430862,232418,999261,198192,0.16,0.7,0.14
1995,30,和歌山県,1080435,175660,709092,195575,0.16,0.66,0.18
1995,31,鳥取県,614929,105456,390964,118380,0.17,0.64,0.19
1995,32,島根県,771441,126403,477919,167040,0.16,0.62,0.22
1995,33,岡山県,1950750,315902,1294239,339313,0.16,0.66,0.17
1995,34,広島県,2881748,466553,1956268,456497,0.16,0.68,0.16
1995,35,山口県,1555543,240469,1018839,295702,0.15,0.65,0.19
1995,36,徳島県,832427,132495,541945,157461,0.16,0.65,0.19
1995,37,香川県,1027006,161674,678404,186850,0.16,0.66,0.18
1995,38,愛媛県,1506700,245563,982400,278691,0.16,0.65,0.18
1995,39,高知県,816704,125833,522208,167967,0.15,0.64,0.21
1995,40,福岡県,4933393,815170,3382470,728574,0.17,0.69,0.15
1995,41,佐賀県,884316,160307,566671,157329,0.18,0.64,0.18
1995,42,長崎県,1544934,277263,993783,273335,0.18,0.64,0.18
1995,43,熊本県,1859793,321462,1196479,340924,0.17,0.64,0.18
1995,44,大分県,1231306,200909,801035,229076,0.16,0.65,0.19
1995,45,宮崎県,1175819,210806,760751,204222,0.18,0.65,0.17
1995,46,鹿児島県,1794224,319918,1120432,353857,0.18,0.62,0.2
1995,47,沖縄県,1273440,281302,842752,148567,0.22,0.66,0.12
2000,01,北海道,5683062,792352,3832902,1031552,0.14,0.67,0.18
2000,02,青森県,1475728,223141,964661,287099,0.15,0.65,0.19
2000,03,岩手県,1416180,212470,899177,303988,0.15,0.63,0.21
2000,04,宮城県,2365320,353516,1601826,409156,0.15,0.68,0.17
2000,05,秋田県,1189279,163095,746252,279764,0.14,0.63,0.24
2000,06,山形県,1244147,186182,772100,285590,0.15,0.62,0.23
2000,07,福島県,2126935,341038,1353500,431797,0.16,0.64,0.2
2000,08,茨城県,2985676,458501,2030360,495693,0.15,0.68,0.17
2000,09,栃木県,2004817,306905,1352311,344506,0.15,0.67,0.17
2000,10,群馬県,2024852,306895,1346441,367117,0.15,0.66,0.18
2000,11,埼玉県,6938006,1024787,5011202,889243,0.15,0.72,0.13
2000,12,千葉県,5926285,842534,4235925,837017,0.14,0.71,0.14
2000,13,東京都,12064101,1420919,8685878,1910456,0.12,0.72,0.16
2000,14,神奈川県,8489974,1184231,6121470,1169528,0.14,0.72,0.14
2000,15,新潟県,2475733,365667,1581186,526112,0.15,0.64,0.21
2000,16,富山県,1120851,157179,730541,232733,0.14,0.65,0.21
2000,17,石川県,1180977,175569,781137,219666,0.15,0.66,0.19
2000,18,福井県,828944,130143,529017,169489,0.16,0.64,0.2
2000,19,山梨県,888172,137594,576767,173580,0.15,0.65,0.2
2000,20,長野県,2215168,334306,1404575,475127,0.15,0.63,0.21
2000,21,岐阜県,2107700,322769,1401064,383168,0.15,0.66,0.18
2000,22,静岡県,3767393,568986,2532256,665574,0.15,0.67,0.18
2000,23,愛知県,7043300,1081280,4914857,1019999,0.15,0.7,0.14
2000,24,三重県,1857339,283081,1222594,350959,0.15,0.66,0.19
2000,25,滋賀県,1342832,220072,906629,215552,0.16,0.68,0.16
2000,26,京都府,2644391,360531,1810233,459273,0.14,0.68,0.17
2000,27,大阪府,8805081,1249955,6224186,1315213,0.14,0.71,0.15
2000,28,兵庫県,5550574,830112,3776483,939950,0.15,0.68,0.17
2000,29,奈良県,1442795,213822,987435,239432,0.15,0.68,0.17
2000,30,和歌山県,1069912,159496,683805,226323,0.15,0.64,0.21
2000,31,鳥取県,613289,93584,383921,134984,0.15,0.63,0.22
2000,32,島根県,761503,111982,460103,189031,0.15,0.6,0.25
2000,33,岡山県,1950828,291346,1265122,393658,0.15,0.65,0.2
2000,34,広島県,2878915,428035,1916796,531537,0.15,0.67,0.18
2000,35,山口県,1527964,213578,974131,339836,0.14,0.64,0.22
2000,36,徳島県,824108,117217,525724,180637,0.14,0.64,0.22
2000,37,香川県,1022890,148215,659881,214242,0.14,0.65,0.21
2000,38,愛媛県,1493092,219340,953189,320078,0.15,0.64,0.21
2000,39,高知県,813949,111740,509050,191729,0.14,0.63,0.24
2000,40,福岡県,5015699,742740,3393080,870290,0.15,0.68,0.17
2000,41,佐賀県,876654,144028,553351,179132,0.16,0.63,0.2
2000,42,長崎県,1516523,243046,956692,315871,0.16,0.63,0.21
2000,43,熊本県,1859344,288654,1173790,396020,0.16,0.63,0.21
2000,44,大分県,1221140,179439,774403,265901,0.15,0.63,0.22
2000,45,宮崎県,1170007,187431,740401,241754,0.16,0.63,0.21
2000,46,鹿児島県,1786194,280717,1101401,403239,0.16,0.62,0.23
2000,47,沖縄県,1318220,264279,861826,182557,0.2,0.65,0.14
2005,01,北海道,5627737,719057,3696064,1205692,0.13,0.66,0.21
2005,02,青森県,1436657,198959,910856,326562,0.14,0.63,0.23
2005,03,岩手県,1385041,190578,850253,339957,0.14,0.61,0.25
2005,04,宮城県,2360218,325829,1558087,470512,0.14,0.66,0.2
2005,05,秋田県,1145501,142507,694288,308193,0.12,0.61,0.27
2005,06,山形県,1216181,166653,739030,309913,0.14,0.61,0.25
2005,07,福島県,2091319,307294,1307734,474860,0.15,0.63,0.23
2005,08,茨城県,2975167,422913,1974159,576272,0.14,0.66,0.19
2005,09,栃木県,2016631,285245,1336513,390896,0.14,0.66,0.19
2005,10,群馬県,2024135,291995,1314259,416909,0.14,0.65,0.21
2005,11,埼玉県,7054243,986361,4892253,1157006,0.14,0.69,0.16
2005,12,千葉県,6056462,819348,4154600,1060343,0.14,0.69,0.18
2005,13,東京都,12576601,1424667,8695592,2295527,0.11,0.69,0.18
2005,14,神奈川県,8791597,1184631,6088141,1480262,0.13,0.69,0.17
2005,15,新潟県,2431459,330302,1514869,580739,0.14,0.62,0.24
2005,16,富山県,1111729,149545,702924,258317,0.13,0.63,0.23
2005,17,石川県,1174026,166175,761257,245739,0.14,0.65,0.21
2005,18,福井県,821592,120745,513858,185501,0.15,0.63,0.23
2005,19,山梨県,884515,127627,562495,193580,0.14,0.64,0.22
2005,20,長野県,2196114,316368,1356317,521984,0.14,0.62,0.24
2005,21,岐阜県,2107226,305845,1357583,442124,0.15,0.64,0.21
2005,22,静岡県,3792377,536799,2471335,779193,0.14,0.65,0.21
2005,23,愛知県,7254704,1069498,4901072,1248562,0.15,0.68,0.17
2005,24,三重県,1866963,266741,1197255,400647,0.14,0.64,0.21
2005,25,滋賀県,1380361,213147,916572,249418,0.15,0.66,0.18
2005,26,京都府,2647660,345071,1755447,530350,0.13,0.66,0.2
2005,27,大阪府,8817166,1211257,5913558,1634218,0.14,0.67,0.19
2005,28,兵庫県,5590601,793885,3667475,1108564,0.14,0.66,0.2
2005,29,奈良県,1421310,197136,938702,283528,0.14,0.66,0.2
2005,30,和歌山県,1035969,142670,642428,249473,0.14,0.62,0.24
2005,31,鳥取県,607012,84823,375539,146113,0.14,0.62,0.24
2005,32,島根県,742223,100542,439471,201103,0.14,0.59,0.27
2005,33,岡山県,1957264,275743,1236318,438054,0.14,0.63,0.22
2005,34,広島県,2876642,403271,1858849,600545,0.14,0.65,0.21
2005,35,山口県,1492606,196729,920531,373346,0.13,0.62,0.25
2005,36,徳島県,809950,105814,506642,197313,0.13,0.63,0.24
2005,37,香川県,1012400,139505,635746,235508,0.14,0.63,0.23
2005,38,愛媛県,1467815,200270,914747,351990,0.14,0.62,0.24
2005,39,高知県,796292,102421,487367,206375,0.13,0.61,0.26
2005,40,福岡県,5049908,701195,3326610,997798,0.14,0.66,0.2
2005,41,佐賀県,866369,131969,537864,196108,0.15,0.62,0.23
2005,42,長崎県,1478632,215987,913224,348820,0.15,0.62,0.24
2005,43,熊本県,1842233,264013,1139125,437244,0.14,0.62,0.24
2005,44,大分県,1209571,164541,748872,292805,0.14,0.62,0.24
2005,45,宮崎県,1153042,169075,712527,270586,0.15,0.62,0.23
2005,46,鹿児島県,1753179,252285,1065960,434559,0.14,0.61,0.25
2005,47,沖縄県,1361594,254203,888046,218897,0.19,0.65,0.16
2010,01,北海道,5506419,657312,3482169,1358068,0.12,0.63,0.25
2010,02,青森県,1373339,171842,843587,352768,0.13,0.61,0.26
2010,03,岩手県,1330147,168804,795780,360498,0.13,0.6,0.27
2010,04,宮城県,2348165,308201,1501638,520794,0.13,0.64,0.22
2010,05,秋田県,1085997,124061,639633,320450,0.11,0.59,0.3
2010,06,山形県,1168924,149759,694110,321722,0.13,0.59,0.28
2010,07,福島県,2029064,276069,1236458,504451,0.14,0.61,0.25
2010,08,茨城県,2969770,399638,1891701,665065,0.13,0.64,0.22
2010,09,栃木県,2007683,269823,1281274,438196,0.13,0.64,0.22
2010,10,群馬県,2008068,275225,1251608,470520,0.14,0.62,0.23
2010,11,埼玉県,7194556,953668,4749108,1464860,0.13,0.66,0.2
2010,12,千葉県,6216289,799646,4009060,1320120,0.13,0.64,0.21
2010,13,東京都,13159388,1477371,8850225,2642231,0.11,0.67,0.2
2010,14,神奈川県,9048331,1187743,5988857,1819503,0.13,0.66,0.2
2010,15,新潟県,2374450,301708,1441262,621187,0.13,0.61,0.26
2010,16,富山県,1093247,141936,662072,285102,0.13,0.61,0.26
2010,17,石川県,1169788,159283,725951,275337,0.14,0.62,0.24
2010,18,福井県,806314,112192,485409,200942,0.14,0.6,0.25
2010,19,山梨県,863075,115337,531455,211581,0.13,0.62,0.25
2010,20,長野県,2152449,295742,1281683,569301,0.14,0.6,0.26
2010,21,岐阜県,2080773,289748,1282800,499399,0.14,0.62,0.24
2010,22,静岡県,3765007,511575,2339915,891807,0.14,0.62,0.24
2010,23,愛知県,7410719,1065254,4791445,1492085,0.14,0.65,0.2
2010,24,三重県,1854724,253174,1142275,447103,0.14,0.62,0.24
2010,25,滋賀県,1410777,210753,897583,288788,0.15,0.64,0.2
2010,26,京都府,2636092,334444,1653812,605709,0.13,0.63,0.23
2010,27,大阪府,8865245,1165200,5648070,1962748,0.13,0.64,0.22
2010,28,兵庫県,5588133,759277,3515442,1281486,0.14,0.63,0.23
2010,29,奈良県,1400728,184011,875062,333746,0.13,0.62,0.24
2010,30,和歌山県,1002198,128005,594573,270846,0.13,0.59,0.27
2010,31,鳥取県,588667,77951,352098,153614,0.13,0.6,0.26
2010,32,島根県,717397,92218,414153,207398,0.13,0.58,0.29
2010,33,岡山県,1945276,264853,1178493,484718,0.14,0.61,0.25
2010,34,広島県,2860750,386810,1765036,676660,0.14,0.62,0.24
2010,35,山口県,1451338,184049,857956,404694,0.13,0.59,0.28
2010,36,徳島県,785491,96596,471788,209926,0.12,0.6,0.27
2010,37,香川県,995842,131670,595451,253245,0.13,0.6,0.25
2010,38,愛媛県,1431493,185179,858991,378591,0.13,0.6,0.26
2010,39,高知県,764456,92798,447540,218148,0.12,0.59,0.29
2010,40,福岡県,5071968,684124,3227932,1123376,0.13,0.64,0.22
2010,41,佐賀県,849788,123447,515206,208096,0.15,0.61,0.24
2010,42,長崎県,1426779,193428,857416,369290,0.14,0.6,0.26
2010,43,熊本県,1817426,249606,1093440,463266,0.14,0.6,0.25
2010,44,大分県,1196529,155634,717319,316750,0.13,0.6,0.26
2010,45,宮崎県,1135233,158588,680854,291301,0.14,0.6,0.26
2010,46,鹿児島県,1706242,233379,1016150,449692,0.14,0.6,0.26
2010,47,沖縄県,1392818,246313,897960,240507,0.18,0.64,0.17
2015,01,北海道,5381733,608296,3190804,1558387,0.11,0.59,0.29
2015,02,青森県,1308265,148208,757867,390940,0.11,0.58,0.3
2015,03,岩手県,1279594,150992,734886,386573,0.12,0.57,0.3
2015,04,宮城県,2333899,286003,1410322,588240,0.12,0.6,0.25
2015,05,秋田県,1023119,106041,565237,343301,0.1,0.55,0.34
2015,06,山形県,1123891,135760,639336,344353,0.12,0.57,0.31
2015,07,福島県,1914039,228887,1120189,542384,0.12,0.59,0.28
2015,08,茨城県,2916976,364351,1747312,771678,0.12,0.6,0.26
2015,09,栃木県,1974255,252836,1203616,508392,0.13,0.61,0.26
2015,10,群馬県,1973115,250884,1165780,540026,0.13,0.59,0.27
2015,11,埼玉県,7266534,910805,4507174,1788735,0.13,0.62,0.25
2015,12,千葉県,6222666,762112,3779812,1584419,0.12,0.61,0.25
2015,13,東京都,13515271,1518130,8734155,3005516,0.11,0.65,0.22
2015,14,神奈川県,9126214,1140748,5744383,2158157,0.12,0.63,0.24
2015,15,新潟県,2304264,275945,1333453,685085,0.12,0.58,0.3
2015,16,富山県,1066328,128848,605545,322899,0.12,0.57,0.3
2015,17,石川県,1154008,148372,672515,317151,0.13,0.58,0.27
2015,18,福井県,786740,102986,451409,222408,0.13,0.57,0.28
2015,19,山梨県,834930,102270,488845,234544,0.12,0.59,0.28
2015,20,長野県,2098804,269752,1186865,626085,0.13,0.57,0.3
2015,21,岐阜県,2031903,266998,1185431,567571,0.13,0.58,0.28
2015,22,静岡県,3700305,478084,2175004,1021283,0.13,0.59,0.28
2015,23,愛知県,7483128,1022532,4618657,1760763,0.14,0.62,0.24
2015,24,三重県,1815865,233525,1061577,501046,0.13,0.58,0.28
2015,25,滋賀県,1412916,203450,857720,337877,0.14,0.61,0.24
2015,26,京都府,2610353,313866,1539540,703419,0.12,0.59,0.27
2015,27,大阪府,8839469,1093111,5341654,2278324,0.12,0.6,0.26
2015,28,兵庫県,5534800,706871,3280212,1481646,0.13,0.59,0.27
2015,29,奈良県,1364316,168970,796552,388614,0.12,0.58,0.28
2015,30,和歌山県,963579,116412,546279,296239,0.12,0.57,0.31
2015,31,鳥取県,573441,73685,326301,169092,0.13,0.57,0.29
2015,32,島根県,694352,86056,376877,222648,0.12,0.54,0.32
2015,33,岡山県,1921525,247890,1098140,540876,0.13,0.57,0.28
2015,34,広島県,2843990,375890,1662522,774440,0.13,0.58,0.27
2015,35,山口県,1404729,170022,778430,447862,0.12,0.55,0.32
2015,36,徳島県,755733,87030,428059,230914,0.12,0.57,0.31
2015,37,香川県,976263,122324,547844,286296,0.13,0.56,0.29
2015,38,愛媛県,1385262,169110,776111,417186,0.12,0.56,0.3
2015,39,高知県,728276,83884,400605,237012,0.12,0.55,0.33
2015,40,福岡県,5101556,676045,3057855,1304764,0.13,0.6,0.26
2015,41,佐賀県,832832,116122,483019,229335,0.14,0.58,0.28
2015,42,長崎県,1377187,177562,784862,404686,0.13,0.57,0.29
2015,43,熊本県,1786170,241167,1024400,511484,0.14,0.57,0.29
2015,44,大分県,1166338,146413,657169,351745,0.13,0.56,0.3
2015,45,宮崎県,1104069,149608,622544,322975,0.14,0.56,0.29
2015,46,鹿児島県,1648177,220751,929758,479734,0.13,0.56,0.29
2015,47,沖縄県,1433566,247206,892109,278337,0.17,0.62,0.19
2020,01,北海道,5178053,531024,2950493,1696536,0.1,0.57,0.33
2020,02,青森県,1236178,126252,695984,413942,0.1,0.56,0.33
2020,03,岩手県,1206441,131438,669275,405728,0.11,0.55,0.34
2020,04,宮城県,2269042,264675,1350814,653553,0.12,0.6,0.29
2020,05,秋田県,959272,92713,509890,356669,0.1,0.53,0.37
2020,06,山形県,1062188,118553,584884,358751,0.11,0.55,0.34
2020,07,福島県,1873538,216839,1050951,605748,0.12,0.56,0.32
2020,08,茨城県,2852547,335432,1673112,844003,0.12,0.59,0.3
2020,09,栃木県,1926237,231478,1134958,559801,0.12,0.59,0.29
2020,10,群馬県,1920494,229720,1112823,577951,0.12,0.58,0.3
2020,11,埼玉県,7132876,837241,4353102,1942533,0.12,0.61,0.27
2020,12,千葉県,6122485,712152,3646354,1763979,0.12,0.6,0.29
2020,13,東京都,13315321,1421405,8652917,3240999,0.11,0.65,0.24
2020,14,神奈川県,9122193,1073412,5670635,2378146,0.12,0.62,0.26
2020,15,新潟県,2209986,246079,1239376,724531,0.11,0.56,0.33
2020,16,富山県,1028160,116709,574820,336631,0.11,0.56,0.33
2020,17,石川県,1128068,136968,651901,339199,0.12,0.58,0.3
2020,18,福井県,759770,93636,428076,238058,0.12,0.56,0.31
2020,19,山梨県,808604,91517,467914,249173,0.11,0.58,0.31
2020,20,長野県,2018822,242286,1131042,645494,0.12,0.56,0.32
2020,21,岐阜県,1978053,240414,1139480,598159,0.12,0.58,0.3
2020,22,静岡県,3601121,436943,2074383,1089795,0.12,0.58,0.3
2020,23,愛知県,7440404,971450,4561255,1907699,0.13,0.61,0.26
2020,24,三重県,1773233,213953,1031664,527616,0.12,0.58,0.3
2020,25,滋賀県,1414000,191203,850376,372421,0.14,0.6,0.26
2020,26,京都府,2566846,293222,1504939,768685,0.11,0.59,0.3
2020,27,大阪府,8648899,999296,5182701,2466902,0.12,0.6,0.29
2020,28,兵庫県,5421943,647891,3186353,1587699,0.12,0.59,0.29
2020,29,奈良県,1330085,150594,763551,415940,0.11,0.57,0.31
2020,30,和歌山県,917238,99751,510003,307484,0.11,0.56,0.34
2020,31,鳥取県,544484,65190,301080,178214,0.12,0.55,0.33
2020,32,島根県,655482,76516,348927,230039,0.12,0.53,0.35
2020,33,岡山県,1867744,230199,1068402,569143,0.12,0.57,0.3
2020,34,広島県,2766671,341213,1586941,838517,0.12,0.57,0.3
2020,35,山口県,1340163,152978,724921,462264,0.11,0.54,0.34
2020,36,徳島県,722519,77830,397584,247105,0.11,0.55,0.34
2020,37,香川県,937157,111291,521158,304708,0.12,0.56,0.33
2020,38,愛媛県,1329499,152858,734818,441823,0.11,0.55,0.33
2020,39,高知県,693347,74143,372837,246367,0.11,0.54,0.36
2020,40,福岡県,4968057,617433,2905077,1445547,0.12,0.58,0.29
2020,41,佐賀県,802816,103939,452194,246683,0.13,0.56,0.31
2020,42,長崎県,1312976,155967,722294,434715,0.12,0.55,0.33
2020,43,熊本県,1724546,217170,961947,545429,0.13,0.56,0.32
2020,44,大分県,1134264,135005,627181,372078,0.12,0.55,0.33
2020,45,宮崎県,1073112,136317,587968,348827,0.13,0.55,0.33
2020,46,鹿児島県,1588116,199236,874386,514494,0.13,0.55,0.32
2020,47,沖縄県,1416876,226435,866415,324026,0.16,0.61,0.23
2025,01,北海道,4959984,469343,2774446,1716195,0.09,0.56,0.35
2025,02,青森県,1161431,110205,635865,415361,0.09,0.55,0.36
2025,03,岩手県,1139825,116658,619086,404081,0.1,0.54,0.35
2025,04,宮城県,2210121,241213,1290753,678155,0.11,0.58,0.31
2025,05,秋田県,893224,80629,460018,352577,0.09,0.52,0.39
2025,06,山形県,1005850,106024,541018,358808,0.11,0.54,0.36
2025,07,福島県,1780166,191605,973702,614859,0.11,0.55,0.35
2025,08,茨城県,2764115,303336,1598731,862048,0.11,0.58,0.31
2025,09,栃木県,1867192,210238,1081477,575477,0.11,0.58,0.31
2025,10,群馬県,1857908,208240,1067982,581686,0.11,0.57,0.31
2025,11,埼玉県,6991046,764206,4244344,1982496,0.11,0.61,0.28
2025,12,千葉県,5987027,648271,3540991,1797765,0.11,0.59,0.3
2025,13,東京都,13178672,1311870,8544323,3322479,0.1,0.65,0.25
2025,14,神奈川県,9009667,984123,5577640,2447904,0.11,0.62,0.27
2025,15,新潟県,2112473,221170,1166702,724601,0.1,0.55,0.34
2025,16,富山県,985889,104822,549336,331731,0.11,0.56,0.34
2025,17,石川県,1096170,124705,629668,341797,0.11,0.57,0.31
2025,18,福井県,731030,84503,406560,239967,0.12,0.56,0.33
2025,19,山梨県,775908,81869,441582,252457,0.11,0.57,0.33
2025,20,長野県,1937623,217705,1076998,642920,0.11,0.56,0.33
2025,21,岐阜県,1907818,217076,1092908,597834,0.11,0.57,0.31
2025,22,静岡県,3480333,394263,1984786,1101284,0.11,0.57,0.32
2025,23,愛知県,7348135,901046,4503760,1943329,0.12,0.61,0.26
2025,24,三重県,1714523,193295,993239,527989,0.11,0.58,0.31
2025,25,滋賀県,1398322,177272,836354,384696,0.13,0.6,0.28
2025,26,京都府,2499460,266664,1463071,769725,0.11,0.59,0.31
2025,27,大阪府,8410039,904530,5048274,2457235,0.11,0.6,0.29
2025,28,兵庫県,5268695,585866,3083166,1599663,0.11,0.59,0.3
2025,29,奈良県,1279718,134873,727779,417066,0.11,0.57,0.33
2025,30,和歌山県,869182,87991,478285,302906,0.1,0.55,0.35
2025,31,鳥取県,519861,58715,282291,178855,0.11,0.54,0.34
2025,32,島根県,621882,68775,326963,226144,0.11,0.53,0.36
2025,33,岡山県,1811274,211454,1032881,566939,0.12,0.57,0.31
2025,34,広島県,2688800,311090,1533427,844283,0.12,0.57,0.31
2025,35,山口県,1275187,137331,686386,451470,0.11,0.54,0.35
2025,36,徳島県,686332,69238,371144,245950,0.1,0.54,0.36
2025,37,香川県,899859,100422,495657,303780,0.11,0.55,0.34
2025,38,愛媛県,1269451,136834,693035,439582,0.11,0.55,0.35
2025,39,高知県,654741,65616,347553,241572,0.1,0.53,0.37
2025,40,福岡県,4855724,565240,2809069,1481415,0.12,0.58,0.31
2025,41,佐賀県,774676,94963,428978,250735,0.12,0.55,0.32
2025,42,長崎県,1250016,139040,671412,439564,0.11,0.54,0.35
2025,43,熊本県,1666017,198221,913392,554404,0.12,0.55,0.33
2025,44,大分県,1093634,122943,598228,372463,0.11,0.55,0.34
2025,45,宮崎県,1033671,123987,555184,354500,0.12,0.54,0.34
2025,46,鹿児島県,1521991,180435,818195,523361,0.12,0.54,0.34
2025,47,沖縄県,1414154,212502,848273,353379,0.15,0.6,0.25
2030,01,北海道,4719100,416799,2588899,1713402,0.09,0.55,0.36
2030,02,青森県,1085119,96711,580265,408143,0.09,0.53,0.38
2030,03,岩手県,1072339,104454,573146,394739,0.1,0.53,0.37
2030,04,宮城県,2140710,219726,1232368,688616,0.1,0.58,0.32
2030,05,秋田県,827462,70736,417515,339211,0.09,0.5,0.41
2030,06,山形県,949292,95656,503167,350469,0.1,0.53,0.37
2030,07,福島県,1684358,171207,904821,608330,0.1,0.54,0.36
2030,08,茨城県,2661094,275271,1524146,861677,0.1,0.57,0.32
2030,09,栃木県,1799782,191015,1030632,578135,0.11,0.57,0.32
2030,10,群馬県,1787483,189014,1018618,579851,0.11,0.57,0.32
2030,11,埼玉県,6795904,696234,4083614,2016056,0.1,0.6,0.3
2030,12,千葉県,5806411,587403,3397493,1821515,0.1,0.59,0.31
2030,13,東京都,12956522,1197557,8261191,3497774,0.09,0.64,0.27
2030,14,神奈川県,8833192,899333,5375996,2557863,0.1,0.61,0.29
2030,15,新潟県,2009105,199094,1098614,711397,0.1,0.55,0.35
2030,16,富山県,940070,94272,521830,323968,0.1,0.56,0.34
2030,17,石川県,1059630,113768,605023,340839,0.11,0.57,0.32
2030,18,福井県,700185,76705,384164,239316,0.11,0.55,0.34
2030,19,山梨県,741077,73665,412784,254628,0.1,0.56,0.34
2030,20,長野県,1851124,196359,1017763,637002,0.11,0.55,0.34
2030,21,岐阜県,1829589,197249,1038568,593772,0.11,0.57,0.32
2030,22,静岡県,3342558,357195,1885103,1100260,0.11,0.56,0.33
2030,23,愛知県,7213147,834881,4383472,1994794,0.12,0.61,0.28
2030,24,三重県,1649474,176024,944910,528540,0.11,0.57,0.32
2030,25,滋賀県,1375179,164608,815769,394802,0.12,0.59,0.29
2030,26,京都府,2418108,241986,1404457,771665,0.1,0.58,0.32
2030,27,大阪府,8118391,814877,4827423,2476091,0.1,0.59,0.3
2030,28,兵庫県,5088284,530249,2946083,1611952,0.1,0.58,0.32
2030,29,奈良県,1222563,121401,686348,414814,0.1,0.56,0.34
2030,30,和歌山県,819680,78278,444918,296484,0.1,0.54,0.36
2030,31,鳥取県,494364,53130,265874,175360,0.11,0.54,0.35
2030,32,島根県,588227,62352,308169,217706,0.11,0.52,0.37
2030,33,岡山県,1749284,194587,998536,556161,0.11,0.57,0.32
2030,34,広島県,2598805,283688,1475690,839427,0.11,0.57,0.32
2030,35,山口県,1207526,123884,651979,431663,0.1,0.54,0.36
2030,36,徳島県,648962,61763,347537,239662,0.1,0.54,0.37
2030,37,香川県,859827,90528,472435,296864,0.11,0.55,0.35
2030,38,愛媛県,1206403,123086,653349,429968,0.1,0.54,0.36
2030,39,高知県,615642,58248,324062,233332,0.09,0.53,0.38
2030,40,福岡県,4718154,517879,2710881,1489394,0.11,0.57,0.32
2030,41,佐賀県,744863,87498,408882,248483,0.12,0.55,0.33
2030,42,長崎県,1184609,125152,626782,432675,0.11,0.53,0.37
2030,43,熊本県,1603413,182672,870514,550227,0.11,0.54,0.34
2030,44,大分県,1049965,112626,573830,363509,0.11,0.55,0.35
2030,45,宮崎県,991365,113896,528277,349192,0.11,0.53,0.35
2030,46,鹿児島県,1454431,165222,772636,516573,0.11,0.53,0.36
2030,47,沖縄県,1404887,200718,831211,372958,0.14,0.59,0.27
2035,01,北海道,4462042,381148,2381512,1699382,0.09,0.53,0.38
2035,02,青森県,1008724,87373,524542,396809,0.09,0.52,0.39
2035,03,岩手県,1005329,96142,527635,381552,0.1,0.52,0.38
2035,04,宮城県,2061971,205060,1161089,695822,0.1,0.56,0.34
2035,05,秋田県,763356,63762,378501,321093,0.08,0.5,0.42
2035,06,山形県,892934,88554,466602,337778,0.1,0.52,0.38
2035,07,福島県,1586584,157442,836386,592756,0.1,0.53,0.37
2035,08,茨城県,2546159,257036,1426076,863047,0.1,0.56,0.34
2035,09,栃木県,1724935,178439,965360,581136,0.1,0.56,0.34
2035,10,群馬県,1710958,177245,951102,582611,0.1,0.56,0.34
2035,11,埼玉県,6562019,655744,3819863,2086412,0.1,0.58,0.32
2035,12,千葉県,5592087,549873,3171262,1870952,0.1,0.57,0.33
2035,13,東京都,12662691,1122106,7770316,3770269,0.09,0.61,0.3
2035,14,神奈川県,8606856,850441,5030677,2725738,0.1,0.58,0.32
2035,15,新潟県,1902238,184369,1020022,697847,0.1,0.54,0.37
2035,16,富山県,891552,87496,485687,318369,0.1,0.54,0.36
2035,17,石川県,1018824,107136,570714,340974,0.11,0.56,0.33
2035,18,福井県,667529,71832,359566,236131,0.11,0.54,0.35
2035,19,山梨県,704421,68728,379014,256679,0.1,0.54,0.36
2035,20,長野県,1760905,183320,943775,633810,0.1,0.54,0.36
2035,21,岐阜県,1746339,184890,971062,590387,0.11,0.56,0.34
2035,22,静岡県,3192733,334227,1755854,1102652,0.1,0.55,0.35
2035,23,愛知県,7046425,799049,4167735,2079641,0.11,0.59,0.3
2035,24,三重県,1580118,165604,885295,529219,0.1,0.56,0.33
2035,25,滋賀県,1345284,157426,781804,406054,0.12,0.58,0.3
2035,26,京都府,2325138,226608,1317495,781035,0.1,0.57,0.34
2035,27,大阪府,7793928,759517,4482540,2551871,0.1,0.58,0.33
2035,28,兵庫県,4887804,496129,2752879,1638796,0.1,0.56,0.34
2035,29,奈良県,1160609,113085,634548,412976,0.1,0.55,0.36
2035,30,和歌山県,769428,72035,408514,288879,0.09,0.53,0.38
2035,31,鳥取県,468146,49209,248997,169940,0.11,0.53,0.36
2035,32,島根県,554624,58050,288435,208139,0.1,0.52,0.38
2035,33,岡山県,1682159,184166,949509,548484,0.11,0.56,0.33
2035,34,広島県,2498685,267255,1391427,840003,0.11,0.56,0.34
2035,35,山口県,1138693,115222,609068,414403,0.1,0.53,0.36
2035,36,徳島県,610592,56556,321645,232391,0.09,0.53,0.38
2035,37,香川県,817527,84032,442791,290704,0.1,0.54,0.36
2035,38,愛媛県,1141463,114094,609410,417959,0.1,0.53,0.37
2035,39,高知県,576136,53164,299866,223106,0.09,0.52,0.39
2035,40,福岡県,4558867,487718,2568972,1502177,0.11,0.56,0.33
2035,41,佐賀県,713583,82729,387221,243633,0.12,0.54,0.34
2035,42,長崎県,1117752,116172,580673,420907,0.1,0.52,0.38
2035,43,熊本県,1537678,173058,825353,539267,0.11,0.54,0.35
2035,44,大分県,1003911,106130,544860,352921,0.11,0.54,0.35
2035,45,宮崎県,947279,107420,501307,338552,0.11,0.53,0.36
2035,46,鹿児島県,1385760,155188,727773,502799,0.11,0.53,0.36
2035,47,沖縄県,1390796,194790,804888,391118,0.14,0.58,0.28
2040,01,北海道,4190073,353413,2129332,1707328,0.08,0.51,0.41
2040,02,青森県,932028,80073,464790,387165,0.09,0.5,0.42
2040,03,岩手県,938104,89457,475975,372672,0.1,0.51,0.4
2040,04,宮城県,1972577,192475,1065159,714943,0.1,0.54,0.36
2040,05,秋田県,699814,58303,335078,306433,0.08,0.48,0.44
2040,06,山形県,835554,82745,424264,328545,0.1,0.51,0.39
2040,07,福島県,1485158,146006,755200,583952,0.1,0.51,0.39
2040,08,茨城県,2422744,243602,1297420,881722,0.1,0.54,0.36
2040,09,栃木県,1643368,169097,877798,596473,0.1,0.53,0.36
2040,10,群馬県,1629974,169341,864193,596440,0.1,0.53,0.37
2040,11,埼玉県,6304607,627249,3475717,2201641,0.1,0.55,0.35
2040,12,千葉県,5358191,523847,2877866,1956478,0.1,0.54,0.37
2040,13,東京都,12307641,1061064,7129014,4117563,0.09,0.58,0.33
2040,14,神奈川県,8343495,817455,4607133,2918907,0.1,0.55,0.35
2040,15,新潟県,1790918,172845,924569,693504,0.1,0.52,0.39
2040,16,富山県,841431,83120,435133,323178,0.1,0.52,0.38
2040,17,石川県,974370,102656,520608,351106,0.11,0.53,0.36
2040,18,福井県,633236,68253,327460,237523,0.11,0.52,0.38
2040,19,山梨県,666155,65041,342503,258611,0.1,0.51,0.39
2040,20,長野県,1668415,174499,852964,640952,0.1,0.51,0.38
2040,21,岐阜県,1659525,175931,883365,600229,0.11,0.53,0.36
2040,22,静岡県,3035359,317828,1594367,1123164,0.1,0.53,0.37
2040,23,愛知県,6855632,775871,3860538,2219223,0.11,0.56,0.32
2040,24,三重県,1507656,158128,807115,542413,0.1,0.54,0.36
2040,25,滋賀県,1309300,152555,727804,428941,0.12,0.56,0.33
2040,26,京都府,2223586,215212,1199230,809144,0.1,0.54,0.36
2040,27,大阪府,7453526,720524,4048265,2684737,0.1,0.54,0.36
2040,28,兵庫県,4673709,471971,2501465,1700273,0.1,0.54,0.36
2040,29,奈良県,1096162,106841,572214,417107,0.1,0.52,0.38
2040,30,和歌山県,719427,67399,365160,286868,0.09,0.51,0.4
2040,31,鳥取県,441038,46180,226391,168467,0.1,0.51,0.38
2040,32,島根県,520658,54813,262238,203607,0.11,0.5,0.39
2040,33,岡山県,1610985,176418,874141,560426,0.11,0.54,0.35
2040,34,広島県,2391476,256021,1271089,864366,0.11,0.53,0.36
2040,35,山口県,1069779,108916,551296,409567,0.1,0.52,0.38
2040,36,徳島県,571016,52605,288591,229820,0.09,0.51,0.4
2040,37,香川県,773076,79552,400220,293304,0.1,0.52,0.38
2040,38,愛媛県,1074618,107394,551382,415842,0.1,0.51,0.39
2040,39,高知県,536514,49534,267405,219575,0.09,0.5,0.41
2040,40,福岡県,4379486,464163,2369418,1545905,0.11,0.54,0.35
2040,41,佐賀県,680203,78774,359881,241548,0.12,0.53,0.36
2040,42,長崎県,1048728,109090,527728,411910,0.1,0.5,0.39
2040,43,熊本県,1467142,165046,768413,533683,0.11,0.52,0.36
2040,44,大分県,955424,101076,503753,350595,0.11,0.53,0.37
2040,45,宮崎県,900508,102241,464674,333593,0.11,0.52,0.37
2040,46,鹿児島県,1314057,146633,674212,493212,0.11,0.51,0.38
2040,47,沖縄県,1369408,190563,763398,415447,0.14,0.56,0.3
